testname,LOOKAHEAD,FIFO,PB,unroll,fifo_size,size,execution_cycles,dfg_size,trip_count
sep,0,0,1,none,4,MEDIUM_DATASET,90631,8,10000
sep,0,0,1,U6,4,MEDIUM_DATASET,15939,50,10000
sep,0,0,1,U7,4,MEDIUM_DATASET,13651,59,10000
sep,0,0,0,none,4,MEDIUM_DATASET,90631,8,10000
sep,0,0,0,U6,4,MEDIUM_DATASET,18147,44,10000
sep,0,0,0,U7,4,MEDIUM_DATASET,16505,51,10000
sep,1,1,0,none,4,MEDIUM_DATASET,10604,9,10000
sep,1,1,0,U6,4,MEDIUM_DATASET,19990,45,10000
sep,1,1,0,U7,4,MEDIUM_DATASET,18283,52,10000
sep,1,1,1,none,4,MEDIUM_DATASET,10604,9,10000
sep,1,1,1,U6,4,MEDIUM_DATASET,8685,63,10000
sep,1,1,1,U7,4,MEDIUM_DATASET,8217,74,10000
sep,0,0,1,none,8,MEDIUM_DATASET,82615,8,10000
sep,0,0,1,U6,8,MEDIUM_DATASET,14547,50,10000
sep,0,0,1,U7,8,MEDIUM_DATASET,12403,59,10000
sep,0,0,0,none,8,MEDIUM_DATASET,82615,8,10000
sep,0,0,0,U6,8,MEDIUM_DATASET,14751,44,10000
sep,0,0,0,U7,8,MEDIUM_DATASET,12883,51,10000
sep,1,1,0,none,8,MEDIUM_DATASET,10604,9,10000
sep,1,1,0,U6,8,MEDIUM_DATASET,13330,45,10000
sep,1,1,0,U7,8,MEDIUM_DATASET,12569,52,10000
sep,1,1,1,none,8,MEDIUM_DATASET,10604,9,10000
sep,1,1,1,U6,8,MEDIUM_DATASET,2737,63,10000
sep,1,1,1,U7,8,MEDIUM_DATASET,2587,74,10000
sep,0,0,1,none,12,MEDIUM_DATASET,76455,8,10000
sep,0,0,1,U6,12,MEDIUM_DATASET,13347,50,10000
sep,0,0,1,U7,12,MEDIUM_DATASET,11539,59,10000
sep,0,0,0,none,12,MEDIUM_DATASET,76455,8,10000
sep,0,0,0,U6,12,MEDIUM_DATASET,13731,44,10000
sep,0,0,0,U7,12,MEDIUM_DATASET,11747,51,10000
sep,1,1,0,none,12,MEDIUM_DATASET,10604,9,10000
sep,1,1,0,U6,12,MEDIUM_DATASET,9859,45,10000
sep,1,1,0,U7,12,MEDIUM_DATASET,8984,52,10000
sep,1,1,1,none,12,MEDIUM_DATASET,10604,9,10000
sep,1,1,1,U6,12,MEDIUM_DATASET,2737,63,10000
sep,1,1,1,U7,12,MEDIUM_DATASET,2587,74,10000
sep,0,0,1,none,16,MEDIUM_DATASET,71191,8,10000
sep,0,0,1,U6,16,MEDIUM_DATASET,12483,50,10000
sep,0,0,1,U7,16,MEDIUM_DATASET,10771,59,10000
sep,0,0,0,none,16,MEDIUM_DATASET,71191,8,10000
sep,0,0,0,U6,16,MEDIUM_DATASET,12651,44,10000
sep,0,0,0,U7,16,MEDIUM_DATASET,10963,51,10000
sep,1,1,0,none,16,MEDIUM_DATASET,10604,9,10000
sep,1,1,0,U6,16,MEDIUM_DATASET,8179,45,10000
sep,1,1,0,U7,16,MEDIUM_DATASET,7663,52,10000
sep,1,1,1,none,16,MEDIUM_DATASET,10604,9,10000
sep,1,1,1,U6,16,MEDIUM_DATASET,2737,63,10000
sep,1,1,1,U7,16,MEDIUM_DATASET,2587,74,10000
weighted_avg,0,0,1,none,4,MEDIUM_DATASET,125682,10,10000
weighted_avg,0,0,1,U3,4,MEDIUM_DATASET,42788,38,10000
weighted_avg,0,0,1,U4,4,MEDIUM_DATASET,32246,50,10000
weighted_avg,0,0,0,none,4,MEDIUM_DATASET,125682,10,10000
weighted_avg,0,0,0,U3,4,MEDIUM_DATASET,43121,34,10000
weighted_avg,0,0,0,U4,4,MEDIUM_DATASET,32862,45,10000
weighted_avg,1,1,0,none,4,MEDIUM_DATASET,27956,18,10000
weighted_avg,1,1,0,U3,4,MEDIUM_DATASET,41683,42,10000
weighted_avg,1,1,0,U4,4,MEDIUM_DATASET,37380,53,10000
weighted_avg,1,1,1,none,4,MEDIUM_DATASET,27956,18,10000
weighted_avg,1,1,1,U3,4,MEDIUM_DATASET,12654,59,10000
weighted_avg,1,1,1,U4,4,MEDIUM_DATASET,10640,76,10000
weighted_avg,0,0,1,none,8,MEDIUM_DATASET,111190,10,10000
weighted_avg,0,0,1,U3,8,MEDIUM_DATASET,37799,38,10000
weighted_avg,0,0,1,U4,8,MEDIUM_DATASET,28466,50,10000
weighted_avg,0,0,0,none,8,MEDIUM_DATASET,111190,10,10000
weighted_avg,0,0,0,U3,8,MEDIUM_DATASET,38087,34,10000
weighted_avg,0,0,0,U4,8,MEDIUM_DATASET,28994,45,10000
weighted_avg,1,1,0,none,8,MEDIUM_DATASET,11362,18,10000
weighted_avg,1,1,0,U3,8,MEDIUM_DATASET,27471,42,10000
weighted_avg,1,1,0,U4,8,MEDIUM_DATASET,24480,53,10000
weighted_avg,1,1,1,none,8,MEDIUM_DATASET,11362,18,10000
weighted_avg,1,1,1,U3,8,MEDIUM_DATASET,6175,59,10000
weighted_avg,1,1,1,U4,8,MEDIUM_DATASET,5878,76,10000
weighted_avg,0,0,1,none,12,MEDIUM_DATASET,110422,10,10000
weighted_avg,0,0,1,U3,12,MEDIUM_DATASET,37127,38,10000
weighted_avg,0,0,1,U4,12,MEDIUM_DATASET,27962,50,10000
weighted_avg,0,0,0,none,12,MEDIUM_DATASET,110422,10,10000
weighted_avg,0,0,0,U3,12,MEDIUM_DATASET,37127,34,10000
weighted_avg,0,0,0,U4,12,MEDIUM_DATASET,27962,45,10000
weighted_avg,1,1,0,none,12,MEDIUM_DATASET,11410,18,10000
weighted_avg,1,1,0,U3,12,MEDIUM_DATASET,21251,42,10000
weighted_avg,1,1,0,U4,12,MEDIUM_DATASET,18717,53,10000
weighted_avg,1,1,1,none,12,MEDIUM_DATASET,11410,18,10000
weighted_avg,1,1,1,U3,12,MEDIUM_DATASET,6223,59,10000
weighted_avg,1,1,1,U4,12,MEDIUM_DATASET,5926,76,10000
weighted_avg,0,0,1,none,16,MEDIUM_DATASET,110422,10,10000
weighted_avg,0,0,1,U3,16,MEDIUM_DATASET,37127,38,10000
weighted_avg,0,0,1,U4,16,MEDIUM_DATASET,27962,50,10000
weighted_avg,0,0,0,none,16,MEDIUM_DATASET,110422,10,10000
weighted_avg,0,0,0,U3,16,MEDIUM_DATASET,37127,34,10000
weighted_avg,0,0,0,U4,16,MEDIUM_DATASET,27962,45,10000
weighted_avg,1,1,0,none,16,MEDIUM_DATASET,11458,18,10000
weighted_avg,1,1,0,U3,16,MEDIUM_DATASET,17328,42,10000
weighted_avg,1,1,0,U4,16,MEDIUM_DATASET,15643,53,10000
weighted_avg,1,1,1,none,16,MEDIUM_DATASET,11458,18,10000
weighted_avg,1,1,1,U3,16,MEDIUM_DATASET,6271,59,10000
weighted_avg,1,1,1,U4,16,MEDIUM_DATASET,5974,76,10000
mvt,0,0,1,none,4,MEDIUM_DATASET,90621,6,10000
mvt,0,0,1,U6,4,MEDIUM_DATASET,13407,26,10000
mvt,0,0,1,U7,4,MEDIUM_DATASET,11583,30,10000
mvt,0,0,0,none,4,MEDIUM_DATASET,90621,6,10000
mvt,0,0,0,U6,4,MEDIUM_DATASET,13407,26,10000
mvt,0,0,0,U7,4,MEDIUM_DATASET,11583,30,10000
mvt,1,1,0,none,4,MEDIUM_DATASET,10570,7,10000
mvt,1,1,0,U6,4,MEDIUM_DATASET,2488,27,10000
mvt,1,1,0,U7,4,MEDIUM_DATASET,2298,31,10000
mvt,1,1,1,none,4,MEDIUM_DATASET,10570,7,10000
mvt,1,1,1,U6,4,MEDIUM_DATASET,2488,27,10000
mvt,1,1,1,U7,4,MEDIUM_DATASET,2298,31,10000
mvt,0,0,1,none,8,MEDIUM_DATASET,82605,6,10000
mvt,0,0,1,U6,8,MEDIUM_DATASET,11763,26,10000
mvt,0,0,1,U7,8,MEDIUM_DATASET,10131,30,10000
mvt,0,0,0,none,8,MEDIUM_DATASET,82605,6,10000
mvt,0,0,0,U6,8,MEDIUM_DATASET,11763,26,10000
mvt,0,0,0,U7,8,MEDIUM_DATASET,10131,30,10000
mvt,1,1,0,none,8,MEDIUM_DATASET,10570,7,10000
mvt,1,1,0,U6,8,MEDIUM_DATASET,2488,27,10000
mvt,1,1,0,U7,8,MEDIUM_DATASET,2298,31,10000
mvt,1,1,1,none,8,MEDIUM_DATASET,10570,7,10000
mvt,1,1,1,U6,8,MEDIUM_DATASET,2488,27,10000
mvt,1,1,1,U7,8,MEDIUM_DATASET,2298,31,10000
mvt,0,0,1,none,12,MEDIUM_DATASET,76445,6,10000
mvt,0,0,1,U6,12,MEDIUM_DATASET,10503,26,10000
mvt,0,0,1,U7,12,MEDIUM_DATASET,9063,30,10000
mvt,0,0,0,none,12,MEDIUM_DATASET,76445,6,10000
mvt,0,0,0,U6,12,MEDIUM_DATASET,10503,26,10000
mvt,0,0,0,U7,12,MEDIUM_DATASET,9063,30,10000
mvt,1,1,0,none,12,MEDIUM_DATASET,10570,7,10000
mvt,1,1,0,U6,12,MEDIUM_DATASET,2488,27,10000
mvt,1,1,0,U7,12,MEDIUM_DATASET,2298,31,10000
mvt,1,1,1,none,12,MEDIUM_DATASET,10570,7,10000
mvt,1,1,1,U6,12,MEDIUM_DATASET,2488,27,10000
mvt,1,1,1,U7,12,MEDIUM_DATASET,2298,31,10000
mvt,0,0,1,none,16,MEDIUM_DATASET,71181,6,10000
mvt,0,0,1,U6,16,MEDIUM_DATASET,10437,26,10000
mvt,0,0,1,U7,16,MEDIUM_DATASET,9009,30,10000
mvt,0,0,0,none,16,MEDIUM_DATASET,71181,6,10000
mvt,0,0,0,U6,16,MEDIUM_DATASET,10437,26,10000
mvt,0,0,0,U7,16,MEDIUM_DATASET,9009,30,10000
mvt,1,1,0,none,16,MEDIUM_DATASET,10570,7,10000
mvt,1,1,0,U6,16,MEDIUM_DATASET,2488,27,10000
mvt,1,1,0,U7,16,MEDIUM_DATASET,2298,31,10000
mvt,1,1,1,none,16,MEDIUM_DATASET,10570,7,10000
mvt,1,1,1,U6,16,MEDIUM_DATASET,2488,27,10000
mvt,1,1,1,U7,16,MEDIUM_DATASET,2298,31,10000
gaussian_cdf,0,0,1,none,4,MEDIUM_DATASET,64882,12,10000
gaussian_cdf,0,0,1,U3,4,MEDIUM_DATASET,27834,39,10000
gaussian_cdf,0,0,1,U4,4,MEDIUM_DATASET,20996,51,10000
gaussian_cdf,0,0,1,U5,4,MEDIUM_DATASET,18491,65,10000
gaussian_cdf,0,0,0,none,4,MEDIUM_DATASET,64882,12,10000
gaussian_cdf,0,0,0,U3,4,MEDIUM_DATASET,22246,35,10000
gaussian_cdf,0,0,0,U4,4,MEDIUM_DATASET,16978,46,10000
gaussian_cdf,0,0,0,U5,4,MEDIUM_DATASET,14180,57,10000
gaussian_cdf,1,1,0,none,4,MEDIUM_DATASET,10670,13,10000
gaussian_cdf,1,1,0,U3,4,MEDIUM_DATASET,20850,36,10000
gaussian_cdf,1,1,0,U4,4,MEDIUM_DATASET,18418,47,10000
gaussian_cdf,1,1,0,U5,4,MEDIUM_DATASET,16408,58,10000
gaussian_cdf,1,1,1,none,4,MEDIUM_DATASET,10670,13,10000
gaussian_cdf,1,1,1,U3,4,MEDIUM_DATASET,5977,43,10000
gaussian_cdf,1,1,1,U4,4,MEDIUM_DATASET,4861,57,10000
gaussian_cdf,1,1,1,U5,4,MEDIUM_DATASET,4988,73,10000
gaussian_cdf,0,0,1,none,8,MEDIUM_DATASET,60457,12,10000
gaussian_cdf,0,0,1,U3,8,MEDIUM_DATASET,20492,39,10000
gaussian_cdf,0,0,1,U4,8,MEDIUM_DATASET,15498,51,10000
gaussian_cdf,0,0,1,U5,8,MEDIUM_DATASET,12506,65,10000
gaussian_cdf,0,0,0,none,8,MEDIUM_DATASET,60457,12,10000
gaussian_cdf,0,0,0,U3,8,MEDIUM_DATASET,20471,35,10000
gaussian_cdf,0,0,0,U4,8,MEDIUM_DATASET,15477,46,10000
gaussian_cdf,0,0,0,U5,8,MEDIUM_DATASET,12485,57,10000
gaussian_cdf,1,1,0,none,8,MEDIUM_DATASET,10670,13,10000
gaussian_cdf,1,1,0,U3,8,MEDIUM_DATASET,13331,36,10000
gaussian_cdf,1,1,0,U4,8,MEDIUM_DATASET,11879,47,10000
gaussian_cdf,1,1,0,U5,8,MEDIUM_DATASET,10362,58,10000
gaussian_cdf,1,1,1,none,8,MEDIUM_DATASET,10670,13,10000
gaussian_cdf,1,1,1,U3,8,MEDIUM_DATASET,4298,43,10000
gaussian_cdf,1,1,1,U4,8,MEDIUM_DATASET,3601,57,10000
gaussian_cdf,1,1,1,U5,8,MEDIUM_DATASET,3241,73,10000
gaussian_cdf,0,0,1,none,12,MEDIUM_DATASET,60457,12,10000
gaussian_cdf,0,0,1,U3,12,MEDIUM_DATASET,20492,39,10000
gaussian_cdf,0,0,1,U4,12,MEDIUM_DATASET,15498,51,10000
gaussian_cdf,0,0,1,U5,12,MEDIUM_DATASET,12506,65,10000
gaussian_cdf,0,0,0,none,12,MEDIUM_DATASET,60457,12,10000
gaussian_cdf,0,0,0,U3,12,MEDIUM_DATASET,20471,35,10000
gaussian_cdf,0,0,0,U4,12,MEDIUM_DATASET,15477,46,10000
gaussian_cdf,0,0,0,U5,12,MEDIUM_DATASET,12485,57,10000
gaussian_cdf,1,1,0,none,12,MEDIUM_DATASET,10670,13,10000
gaussian_cdf,1,1,0,U3,12,MEDIUM_DATASET,9475,36,10000
gaussian_cdf,1,1,0,U4,12,MEDIUM_DATASET,8666,47,10000
gaussian_cdf,1,1,0,U5,12,MEDIUM_DATASET,7636,58,10000
gaussian_cdf,1,1,1,none,12,MEDIUM_DATASET,10670,13,10000
gaussian_cdf,1,1,1,U3,12,MEDIUM_DATASET,4298,43,10000
gaussian_cdf,1,1,1,U4,12,MEDIUM_DATASET,3601,57,10000
gaussian_cdf,1,1,1,U5,12,MEDIUM_DATASET,3241,73,10000
gaussian_cdf,0,0,1,none,16,MEDIUM_DATASET,60457,12,10000
gaussian_cdf,0,0,1,U3,16,MEDIUM_DATASET,20492,39,10000
gaussian_cdf,0,0,1,U4,16,MEDIUM_DATASET,15498,51,10000
gaussian_cdf,0,0,1,U5,16,MEDIUM_DATASET,12506,65,10000
gaussian_cdf,0,0,0,none,16,MEDIUM_DATASET,60457,12,10000
gaussian_cdf,0,0,0,U3,16,MEDIUM_DATASET,20471,35,10000
gaussian_cdf,0,0,0,U4,16,MEDIUM_DATASET,15477,46,10000
gaussian_cdf,0,0,0,U5,16,MEDIUM_DATASET,12485,57,10000
gaussian_cdf,1,1,0,none,16,MEDIUM_DATASET,10670,13,10000
gaussian_cdf,1,1,0,U3,16,MEDIUM_DATASET,7364,36,10000
gaussian_cdf,1,1,0,U4,16,MEDIUM_DATASET,6926,47,10000
gaussian_cdf,1,1,0,U5,16,MEDIUM_DATASET,6235,58,10000
gaussian_cdf,1,1,1,none,16,MEDIUM_DATASET,10670,13,10000
gaussian_cdf,1,1,1,U3,16,MEDIUM_DATASET,4298,43,10000
gaussian_cdf,1,1,1,U4,16,MEDIUM_DATASET,3601,57,10000
gaussian_cdf,1,1,1,U5,16,MEDIUM_DATASET,3241,73,10000
gemm,0,0,1,none,4,MEDIUM_DATASET,90626,7,10000
gemm,0,0,1,U6,4,MEDIUM_DATASET,13412,32,10000
gemm,0,0,1,U7,4,MEDIUM_DATASET,11588,37,10000
gemm,0,0,0,none,4,MEDIUM_DATASET,90626,7,10000
gemm,0,0,0,U6,4,MEDIUM_DATASET,13412,32,10000
gemm,0,0,0,U7,4,MEDIUM_DATASET,11588,37,10000
gemm,1,1,0,none,4,MEDIUM_DATASET,10587,8,10000
gemm,1,1,0,U6,4,MEDIUM_DATASET,2565,33,10000
gemm,1,1,0,U7,4,MEDIUM_DATASET,2387,38,10000
gemm,1,1,1,none,4,MEDIUM_DATASET,10587,8,10000
gemm,1,1,1,U6,4,MEDIUM_DATASET,2565,33,10000
gemm,1,1,1,U7,4,MEDIUM_DATASET,2387,38,10000
gemm,0,0,1,none,8,MEDIUM_DATASET,82834,7,10000
gemm,0,0,1,U6,8,MEDIUM_DATASET,11768,32,10000
gemm,0,0,1,U7,8,MEDIUM_DATASET,10136,37,10000
gemm,0,0,0,none,8,MEDIUM_DATASET,82834,7,10000
gemm,0,0,0,U6,8,MEDIUM_DATASET,11768,32,10000
gemm,0,0,0,U7,8,MEDIUM_DATASET,10136,37,10000
gemm,1,1,0,none,8,MEDIUM_DATASET,10587,8,10000
gemm,1,1,0,U6,8,MEDIUM_DATASET,2565,33,10000
gemm,1,1,0,U7,8,MEDIUM_DATASET,2387,38,10000
gemm,1,1,1,none,8,MEDIUM_DATASET,10587,8,10000
gemm,1,1,1,U6,8,MEDIUM_DATASET,2565,33,10000
gemm,1,1,1,U7,8,MEDIUM_DATASET,2387,38,10000
gemm,0,0,1,none,12,MEDIUM_DATASET,76450,7,10000
gemm,0,0,1,U6,12,MEDIUM_DATASET,10508,32,10000
gemm,0,0,1,U7,12,MEDIUM_DATASET,9068,37,10000
gemm,0,0,0,none,12,MEDIUM_DATASET,76450,7,10000
gemm,0,0,0,U6,12,MEDIUM_DATASET,10508,32,10000
gemm,0,0,0,U7,12,MEDIUM_DATASET,9068,37,10000
gemm,1,1,0,none,12,MEDIUM_DATASET,10587,8,10000
gemm,1,1,0,U6,12,MEDIUM_DATASET,2565,33,10000
gemm,1,1,0,U7,12,MEDIUM_DATASET,2387,38,10000
gemm,1,1,1,none,12,MEDIUM_DATASET,10587,8,10000
gemm,1,1,1,U6,12,MEDIUM_DATASET,2565,33,10000
gemm,1,1,1,U7,12,MEDIUM_DATASET,2387,38,10000
gemm,0,0,1,none,16,MEDIUM_DATASET,71186,7,10000
gemm,0,0,1,U6,16,MEDIUM_DATASET,10442,32,10000
gemm,0,0,1,U7,16,MEDIUM_DATASET,9014,37,10000
gemm,0,0,0,none,16,MEDIUM_DATASET,71186,7,10000
gemm,0,0,0,U6,16,MEDIUM_DATASET,10442,32,10000
gemm,0,0,0,U7,16,MEDIUM_DATASET,9014,37,10000
gemm,1,1,0,none,16,MEDIUM_DATASET,10587,8,10000
gemm,1,1,0,U6,16,MEDIUM_DATASET,2565,33,10000
gemm,1,1,0,U7,16,MEDIUM_DATASET,2387,38,10000
gemm,1,1,1,none,16,MEDIUM_DATASET,10587,8,10000
gemm,1,1,1,U6,16,MEDIUM_DATASET,2565,33,10000
gemm,1,1,1,U7,16,MEDIUM_DATASET,2387,38,10000
momentum_sgd,0,0,1,none,4,MEDIUM_DATASET,149528,12,10000
momentum_sgd,0,0,1,U2,4,MEDIUM_DATASET,92999,30,10000
momentum_sgd,0,0,1,U3,4,MEDIUM_DATASET,51622,50,10000
momentum_sgd,0,0,1,U4,4,MEDIUM_DATASET,39279,69,10000
momentum_sgd,0,0,1,U5,4,MEDIUM_DATASET,32902,92,10000
momentum_sgd,0,0,0,none,4,MEDIUM_DATASET,149528,10,10000
momentum_sgd,0,0,0,U2,4,MEDIUM_DATASET,76008,23,10000
momentum_sgd,0,0,0,U3,4,MEDIUM_DATASET,51346,34,10000
momentum_sgd,0,0,0,U4,4,MEDIUM_DATASET,39147,45,10000
momentum_sgd,0,0,0,U5,4,MEDIUM_DATASET,32668,56,10000
momentum_sgd,1,1,0,none,4,MEDIUM_DATASET,52231,18,10000
momentum_sgd,1,1,0,U2,4,MEDIUM_DATASET,63521,31,10000
momentum_sgd,1,1,0,U3,4,MEDIUM_DATASET,48922,42,10000
momentum_sgd,1,1,0,U4,4,MEDIUM_DATASET,44752,53,10000
momentum_sgd,1,1,0,U5,4,MEDIUM_DATASET,44325,64,10000
momentum_sgd,1,1,1,none,4,MEDIUM_DATASET,29875,26,10000
momentum_sgd,1,1,1,U2,4,MEDIUM_DATASET,16261,62,10000
momentum_sgd,1,1,1,U3,4,MEDIUM_DATASET,21959,95,10000
momentum_sgd,1,1,1,U4,4,MEDIUM_DATASET,18021,126,10000
momentum_sgd,1,1,1,U5,4,MEDIUM_DATASET,14422,166,10000
momentum_sgd,0,0,1,none,8,MEDIUM_DATASET,141426,12,10000
momentum_sgd,0,0,1,U2,8,MEDIUM_DATASET,73214,30,10000
momentum_sgd,0,0,1,U3,8,MEDIUM_DATASET,48328,50,10000
momentum_sgd,0,0,1,U4,8,MEDIUM_DATASET,36623,69,10000
momentum_sgd,0,0,1,U5,8,MEDIUM_DATASET,29473,92,10000
momentum_sgd,0,0,0,none,8,MEDIUM_DATASET,141677,10,10000
momentum_sgd,0,0,0,U2,8,MEDIUM_DATASET,72271,23,10000
momentum_sgd,0,0,0,U3,8,MEDIUM_DATASET,48822,34,10000
momentum_sgd,0,0,0,U4,8,MEDIUM_DATASET,37081,45,10000
momentum_sgd,0,0,0,U5,8,MEDIUM_DATASET,30118,56,10000
momentum_sgd,1,1,0,none,8,MEDIUM_DATASET,11361,18,10000
momentum_sgd,1,1,0,U2,8,MEDIUM_DATASET,44386,31,10000
momentum_sgd,1,1,0,U3,8,MEDIUM_DATASET,34020,42,10000
momentum_sgd,1,1,0,U4,8,MEDIUM_DATASET,30813,53,10000
momentum_sgd,1,1,0,U5,8,MEDIUM_DATASET,32544,64,10000
momentum_sgd,1,1,1,none,8,MEDIUM_DATASET,11553,26,10000
momentum_sgd,1,1,1,U2,8,MEDIUM_DATASET,7347,62,10000
momentum_sgd,1,1,1,U3,8,MEDIUM_DATASET,6270,95,10000
momentum_sgd,1,1,1,U4,8,MEDIUM_DATASET,5973,126,10000
momentum_sgd,1,1,1,U5,8,MEDIUM_DATASET,6062,166,10000
momentum_sgd,0,0,1,none,12,MEDIUM_DATASET,134940,12,10000
momentum_sgd,0,0,1,U2,12,MEDIUM_DATASET,68875,30,10000
momentum_sgd,0,0,1,U3,12,MEDIUM_DATASET,45892,50,10000
momentum_sgd,0,0,1,U4,12,MEDIUM_DATASET,34567,69,10000
momentum_sgd,0,0,1,U5,12,MEDIUM_DATASET,27882,92,10000
momentum_sgd,0,0,0,none,12,MEDIUM_DATASET,134940,10,10000
momentum_sgd,0,0,0,U2,12,MEDIUM_DATASET,68579,23,10000
momentum_sgd,0,0,0,U3,12,MEDIUM_DATASET,46246,34,10000
momentum_sgd,0,0,0,U4,12,MEDIUM_DATASET,35432,45,10000
momentum_sgd,0,0,0,U5,12,MEDIUM_DATASET,28681,56,10000
momentum_sgd,1,1,0,none,12,MEDIUM_DATASET,11409,18,10000
momentum_sgd,1,1,0,U2,12,MEDIUM_DATASET,35570,31,10000
momentum_sgd,1,1,0,U3,12,MEDIUM_DATASET,27196,42,10000
momentum_sgd,1,1,0,U4,12,MEDIUM_DATASET,23723,53,10000
momentum_sgd,1,1,0,U5,12,MEDIUM_DATASET,26100,64,10000
momentum_sgd,1,1,1,none,12,MEDIUM_DATASET,11601,26,10000
momentum_sgd,1,1,1,U2,12,MEDIUM_DATASET,7395,62,10000
momentum_sgd,1,1,1,U3,12,MEDIUM_DATASET,6318,95,10000
momentum_sgd,1,1,1,U4,12,MEDIUM_DATASET,6021,126,10000
momentum_sgd,1,1,1,U5,12,MEDIUM_DATASET,6110,166,10000
momentum_sgd,0,0,1,none,16,MEDIUM_DATASET,128732,12,10000
momentum_sgd,0,0,1,U2,16,MEDIUM_DATASET,65338,30,10000
momentum_sgd,0,0,1,U3,16,MEDIUM_DATASET,43776,50,10000
momentum_sgd,0,0,1,U4,16,MEDIUM_DATASET,32861,69,10000
momentum_sgd,0,0,1,U5,16,MEDIUM_DATASET,26412,92,10000
momentum_sgd,0,0,0,none,16,MEDIUM_DATASET,128732,10,10000
momentum_sgd,0,0,0,U2,16,MEDIUM_DATASET,65414,23,10000
momentum_sgd,0,0,0,U3,16,MEDIUM_DATASET,44118,34,10000
momentum_sgd,0,0,0,U4,16,MEDIUM_DATASET,33674,45,10000
momentum_sgd,0,0,0,U5,16,MEDIUM_DATASET,27212,56,10000
momentum_sgd,1,1,0,none,16,MEDIUM_DATASET,11457,18,10000
momentum_sgd,1,1,0,U2,16,MEDIUM_DATASET,29646,31,10000
momentum_sgd,1,1,0,U3,16,MEDIUM_DATASET,23484,42,10000
momentum_sgd,1,1,0,U4,16,MEDIUM_DATASET,20563,53,10000
momentum_sgd,1,1,0,U5,16,MEDIUM_DATASET,24745,64,10000
momentum_sgd,1,1,1,none,16,MEDIUM_DATASET,11649,26,10000
momentum_sgd,1,1,1,U2,16,MEDIUM_DATASET,7443,62,10000
momentum_sgd,1,1,1,U3,16,MEDIUM_DATASET,6366,95,10000
momentum_sgd,1,1,1,U4,16,MEDIUM_DATASET,6069,126,10000
momentum_sgd,1,1,1,U5,16,MEDIUM_DATASET,6158,166,10000
hp_filter,0,0,1,none,4,MEDIUM_DATASET,125677,9,10000
hp_filter,0,0,1,U2,4,MEDIUM_DATASET,63630,21,10000
hp_filter,0,0,1,U3,4,MEDIUM_DATASET,47818,33,10000
hp_filter,0,0,1,U5,4,MEDIUM_DATASET,25924,56,10000
hp_filter,0,0,1,U6,4,MEDIUM_DATASET,21642,68,10000
hp_filter,0,0,0,none,4,MEDIUM_DATASET,125677,9,10000
hp_filter,0,0,0,U2,4,MEDIUM_DATASET,64283,20,10000
hp_filter,0,0,0,U3,4,MEDIUM_DATASET,43620,29,10000
hp_filter,0,0,0,U5,4,MEDIUM_DATASET,27523,47,10000
hp_filter,0,0,0,U6,4,MEDIUM_DATASET,25389,56,10000
hp_filter,1,1,0,none,4,MEDIUM_DATASET,28235,16,10000
hp_filter,1,1,0,U2,4,MEDIUM_DATASET,53789,28,10000
hp_filter,1,1,0,U3,4,MEDIUM_DATASET,41771,37,10000
hp_filter,1,1,0,U5,4,MEDIUM_DATASET,36462,55,10000
hp_filter,1,1,0,U6,4,MEDIUM_DATASET,33303,64,10000
hp_filter,1,1,1,none,4,MEDIUM_DATASET,28235,16,10000
hp_filter,1,1,1,U2,4,MEDIUM_DATASET,15231,37,10000
hp_filter,1,1,1,U3,4,MEDIUM_DATASET,20875,54,10000
hp_filter,1,1,1,U5,4,MEDIUM_DATASET,15524,88,10000
hp_filter,1,1,1,U6,4,MEDIUM_DATASET,19314,104,10000
hp_filter,0,0,1,none,8,MEDIUM_DATASET,111185,9,10000
hp_filter,0,0,1,U2,8,MEDIUM_DATASET,56251,21,10000
hp_filter,0,0,1,U3,8,MEDIUM_DATASET,37794,33,10000
hp_filter,0,0,1,U5,8,MEDIUM_DATASET,22945,56,10000
hp_filter,0,0,1,U6,8,MEDIUM_DATASET,19216,68,10000
hp_filter,0,0,0,none,8,MEDIUM_DATASET,111185,9,10000
hp_filter,0,0,0,U2,8,MEDIUM_DATASET,56700,20,10000
hp_filter,0,0,0,U3,8,MEDIUM_DATASET,38370,29,10000
hp_filter,0,0,0,U5,8,MEDIUM_DATASET,23690,47,10000
hp_filter,0,0,0,U6,8,MEDIUM_DATASET,19872,56,10000
hp_filter,1,1,0,none,8,MEDIUM_DATASET,11261,16,10000
hp_filter,1,1,0,U2,8,MEDIUM_DATASET,35379,28,10000
hp_filter,1,1,0,U3,8,MEDIUM_DATASET,27505,37,10000
hp_filter,1,1,0,U5,8,MEDIUM_DATASET,22090,55,10000
hp_filter,1,1,0,U6,8,MEDIUM_DATASET,20675,64,10000
hp_filter,1,1,1,none,8,MEDIUM_DATASET,11261,16,10000
hp_filter,1,1,1,U2,8,MEDIUM_DATASET,7103,37,10000
hp_filter,1,1,1,U3,8,MEDIUM_DATASET,5930,54,10000
hp_filter,1,1,1,U5,8,MEDIUM_DATASET,5626,88,10000
hp_filter,1,1,1,U6,8,MEDIUM_DATASET,5782,104,10000
hp_filter,0,0,1,none,12,MEDIUM_DATASET,110417,9,10000
hp_filter,0,0,1,U2,12,MEDIUM_DATASET,55435,21,10000
hp_filter,0,0,1,U3,12,MEDIUM_DATASET,37122,33,10000
hp_filter,0,0,1,U5,12,MEDIUM_DATASET,22470,56,10000
hp_filter,0,0,1,U6,12,MEDIUM_DATASET,18816,68,10000
hp_filter,0,0,0,none,12,MEDIUM_DATASET,110417,9,10000
hp_filter,0,0,0,U2,12,MEDIUM_DATASET,55435,20,10000
hp_filter,0,0,0,U3,12,MEDIUM_DATASET,37122,29,10000
hp_filter,0,0,0,U5,12,MEDIUM_DATASET,22470,47,10000
hp_filter,0,0,0,U6,12,MEDIUM_DATASET,18816,56,10000
hp_filter,1,1,0,none,12,MEDIUM_DATASET,11309,16,10000
hp_filter,1,1,0,U2,12,MEDIUM_DATASET,27073,28,10000
hp_filter,1,1,0,U3,12,MEDIUM_DATASET,21382,37,10000
hp_filter,1,1,0,U5,12,MEDIUM_DATASET,16723,55,10000
hp_filter,1,1,0,U6,12,MEDIUM_DATASET,15532,64,10000
hp_filter,1,1,1,none,12,MEDIUM_DATASET,11309,16,10000
hp_filter,1,1,1,U2,12,MEDIUM_DATASET,7151,37,10000
hp_filter,1,1,1,U3,12,MEDIUM_DATASET,5978,54,10000
hp_filter,1,1,1,U5,12,MEDIUM_DATASET,5674,88,10000
hp_filter,1,1,1,U6,12,MEDIUM_DATASET,5830,104,10000
hp_filter,0,0,1,none,16,MEDIUM_DATASET,110417,9,10000
hp_filter,0,0,1,U2,16,MEDIUM_DATASET,55435,21,10000
hp_filter,0,0,1,U3,16,MEDIUM_DATASET,37122,33,10000
hp_filter,0,0,1,U5,16,MEDIUM_DATASET,22470,56,10000
hp_filter,0,0,1,U6,16,MEDIUM_DATASET,18816,68,10000
hp_filter,0,0,0,none,16,MEDIUM_DATASET,110417,9,10000
hp_filter,0,0,0,U2,16,MEDIUM_DATASET,55435,20,10000
hp_filter,0,0,0,U3,16,MEDIUM_DATASET,37122,29,10000
hp_filter,0,0,0,U5,16,MEDIUM_DATASET,22470,47,10000
hp_filter,0,0,0,U6,16,MEDIUM_DATASET,18816,56,10000
hp_filter,1,1,0,none,16,MEDIUM_DATASET,11357,16,10000
hp_filter,1,1,0,U2,16,MEDIUM_DATASET,21912,28,10000
hp_filter,1,1,0,U3,16,MEDIUM_DATASET,17272,37,10000
hp_filter,1,1,0,U5,16,MEDIUM_DATASET,14138,55,10000
hp_filter,1,1,0,U6,16,MEDIUM_DATASET,13314,64,10000
hp_filter,1,1,1,none,16,MEDIUM_DATASET,11357,16,10000
hp_filter,1,1,1,U2,16,MEDIUM_DATASET,7199,37,10000
hp_filter,1,1,1,U3,16,MEDIUM_DATASET,6026,54,10000
hp_filter,1,1,1,U5,16,MEDIUM_DATASET,5722,88,10000
hp_filter,1,1,1,U6,16,MEDIUM_DATASET,5878,104,10000
exp_decay,0,0,1,none,4,MEDIUM_DATASET,149515,5,10000
exp_decay,0,0,1,U4,4,MEDIUM_DATASET,39266,31,10000
exp_decay,0,0,1,U5,4,MEDIUM_DATASET,32889,41,10000
exp_decay,0,0,1,U6,4,MEDIUM_DATASET,27453,50,10000
exp_decay,0,0,1,U7,4,MEDIUM_DATASET,22712,62,10000
exp_decay,0,0,1,U8,4,MEDIUM_DATASET,21581,72,10000
exp_decay,0,0,0,none,4,MEDIUM_DATASET,149515,5,10000
exp_decay,0,0,0,U4,4,MEDIUM_DATASET,39134,25,10000
exp_decay,0,0,0,U5,4,MEDIUM_DATASET,32655,31,10000
exp_decay,0,0,0,U6,4,MEDIUM_DATASET,30187,37,10000
exp_decay,0,0,0,U7,4,MEDIUM_DATASET,38568,43,10000
exp_decay,0,0,0,U8,4,MEDIUM_DATASET,32683,49,10000
exp_decay,1,1,0,none,4,MEDIUM_DATASET,29430,13,10000
exp_decay,1,1,0,U4,4,MEDIUM_DATASET,43779,33,10000
exp_decay,1,1,0,U5,4,MEDIUM_DATASET,43112,39,10000
exp_decay,1,1,0,U6,4,MEDIUM_DATASET,40857,45,10000
exp_decay,1,1,0,U7,4,MEDIUM_DATASET,38767,51,10000
exp_decay,1,1,0,U8,4,MEDIUM_DATASET,37863,57,10000
exp_decay,1,1,1,none,4,MEDIUM_DATASET,29430,13,10000
exp_decay,1,1,1,U4,4,MEDIUM_DATASET,16952,56,10000
exp_decay,1,1,1,U5,4,MEDIUM_DATASET,13209,72,10000
exp_decay,1,1,1,U6,4,MEDIUM_DATASET,12963,85,10000
exp_decay,1,1,1,U7,4,MEDIUM_DATASET,12163,101,10000
exp_decay,1,1,1,U8,4,MEDIUM_DATASET,14885,115,10000
exp_decay,0,0,1,none,8,MEDIUM_DATASET,141413,5,10000
exp_decay,0,0,1,U4,8,MEDIUM_DATASET,36610,31,10000
exp_decay,0,0,1,U5,8,MEDIUM_DATASET,29460,41,10000
exp_decay,0,0,1,U6,8,MEDIUM_DATASET,24688,50,10000
exp_decay,0,0,1,U7,8,MEDIUM_DATASET,21032,62,10000
exp_decay,0,0,1,U8,8,MEDIUM_DATASET,18501,72,10000
exp_decay,0,0,0,none,8,MEDIUM_DATASET,141413,5,10000
exp_decay,0,0,0,U4,8,MEDIUM_DATASET,37068,25,10000
exp_decay,0,0,0,U5,8,MEDIUM_DATASET,30105,31,10000
exp_decay,0,0,0,U6,8,MEDIUM_DATASET,25473,37,10000
exp_decay,0,0,0,U7,8,MEDIUM_DATASET,22126,43,10000
exp_decay,0,0,0,U8,8,MEDIUM_DATASET,19763,49,10000
exp_decay,1,1,0,none,8,MEDIUM_DATASET,11108,13,10000
exp_decay,1,1,0,U4,8,MEDIUM_DATASET,29840,33,10000
exp_decay,1,1,0,U5,8,MEDIUM_DATASET,31331,39,10000
exp_decay,1,1,0,U6,8,MEDIUM_DATASET,26846,45,10000
exp_decay,1,1,0,U7,8,MEDIUM_DATASET,25294,51,10000
exp_decay,1,1,0,U8,8,MEDIUM_DATASET,24430,57,10000
exp_decay,1,1,1,none,8,MEDIUM_DATASET,11108,13,10000
exp_decay,1,1,1,U4,8,MEDIUM_DATASET,4904,56,10000
exp_decay,1,1,1,U5,8,MEDIUM_DATASET,4849,72,10000
exp_decay,1,1,1,U6,8,MEDIUM_DATASET,4861,85,10000
exp_decay,1,1,1,U7,8,MEDIUM_DATASET,6033,101,10000
exp_decay,1,1,1,U8,8,MEDIUM_DATASET,5154,115,10000
exp_decay,0,0,1,none,12,MEDIUM_DATASET,134927,5,10000
exp_decay,0,0,1,U4,12,MEDIUM_DATASET,34554,31,10000
exp_decay,0,0,1,U5,12,MEDIUM_DATASET,27869,41,10000
exp_decay,0,0,1,U6,12,MEDIUM_DATASET,23303,50,10000
exp_decay,0,0,1,U7,12,MEDIUM_DATASET,19989,62,10000
exp_decay,0,0,1,U8,12,MEDIUM_DATASET,17583,72,10000
exp_decay,0,0,0,none,12,MEDIUM_DATASET,134927,5,10000
exp_decay,0,0,0,U4,12,MEDIUM_DATASET,35419,25,10000
exp_decay,0,0,0,U5,12,MEDIUM_DATASET,28461,31,10000
exp_decay,0,0,0,U6,12,MEDIUM_DATASET,24246,37,10000
exp_decay,0,0,0,U7,12,MEDIUM_DATASET,21022,43,10000
exp_decay,0,0,0,U8,12,MEDIUM_DATASET,18734,49,10000
exp_decay,1,1,0,none,12,MEDIUM_DATASET,11156,13,10000
exp_decay,1,1,0,U4,12,MEDIUM_DATASET,22750,33,10000
exp_decay,1,1,0,U5,12,MEDIUM_DATASET,24887,39,10000
exp_decay,1,1,0,U6,12,MEDIUM_DATASET,27362,45,10000
exp_decay,1,1,0,U7,12,MEDIUM_DATASET,23679,51,10000
exp_decay,1,1,0,U8,12,MEDIUM_DATASET,19019,57,10000
exp_decay,1,1,1,none,12,MEDIUM_DATASET,11156,13,10000
exp_decay,1,1,1,U4,12,MEDIUM_DATASET,4952,56,10000
exp_decay,1,1,1,U5,12,MEDIUM_DATASET,4897,72,10000
exp_decay,1,1,1,U6,12,MEDIUM_DATASET,4909,85,10000
exp_decay,1,1,1,U7,12,MEDIUM_DATASET,5016,101,10000
exp_decay,1,1,1,U8,12,MEDIUM_DATASET,5134,115,10000
exp_decay,0,0,1,none,16,MEDIUM_DATASET,128719,5,10000
exp_decay,0,0,1,U4,16,MEDIUM_DATASET,32848,31,10000
exp_decay,0,0,1,U5,16,MEDIUM_DATASET,26399,41,10000
exp_decay,0,0,1,U6,16,MEDIUM_DATASET,22208,50,10000
exp_decay,0,0,1,U7,16,MEDIUM_DATASET,19062,62,10000
exp_decay,0,0,1,U8,16,MEDIUM_DATASET,16744,72,10000
exp_decay,0,0,0,none,16,MEDIUM_DATASET,128719,5,10000
exp_decay,0,0,0,U4,16,MEDIUM_DATASET,33661,25,10000
exp_decay,0,0,0,U5,16,MEDIUM_DATASET,27199,31,10000
exp_decay,0,0,0,U6,16,MEDIUM_DATASET,23107,37,10000
exp_decay,0,0,0,U7,16,MEDIUM_DATASET,20006,43,10000
exp_decay,0,0,0,U8,16,MEDIUM_DATASET,17793,49,10000
exp_decay,1,1,0,none,16,MEDIUM_DATASET,11204,13,10000
exp_decay,1,1,0,U4,16,MEDIUM_DATASET,19590,33,10000
exp_decay,1,1,0,U5,16,MEDIUM_DATASET,23532,39,10000
exp_decay,1,1,0,U6,16,MEDIUM_DATASET,19097,45,10000
exp_decay,1,1,0,U7,16,MEDIUM_DATASET,17479,51,10000
exp_decay,1,1,0,U8,16,MEDIUM_DATASET,16176,57,10000
exp_decay,1,1,1,none,16,MEDIUM_DATASET,11204,13,10000
exp_decay,1,1,1,U4,16,MEDIUM_DATASET,5000,56,10000
exp_decay,1,1,1,U5,16,MEDIUM_DATASET,4945,72,10000
exp_decay,1,1,1,U6,16,MEDIUM_DATASET,4957,85,10000
exp_decay,1,1,1,U7,16,MEDIUM_DATASET,5064,101,10000
exp_decay,1,1,1,U8,16,MEDIUM_DATASET,5182,115,10000
ema,0,0,1,none,4,MEDIUM_DATASET,135853,6,10000
ema,0,0,1,U4,4,MEDIUM_DATASET,34703,34,10000
ema,0,0,1,U5,4,MEDIUM_DATASET,27962,45,10000
ema,0,0,1,U6,4,MEDIUM_DATASET,23392,55,10000
ema,0,0,1,U7,4,MEDIUM_DATASET,20096,67,10000
ema,0,0,1,U8,4,MEDIUM_DATASET,17678,78,10000
ema,0,0,0,none,4,MEDIUM_DATASET,135853,6,10000
ema,0,0,0,U4,4,MEDIUM_DATASET,35610,29,10000
ema,0,0,0,U5,4,MEDIUM_DATASET,29524,36,10000
ema,0,0,0,U6,4,MEDIUM_DATASET,27424,43,10000
ema,0,0,0,U7,4,MEDIUM_DATASET,25659,50,10000
ema,0,0,0,U8,4,MEDIUM_DATASET,25319,57,10000
ema,1,1,0,none,4,MEDIUM_DATASET,28600,14,10000
ema,1,1,0,U4,4,MEDIUM_DATASET,39429,37,10000
ema,1,1,0,U5,4,MEDIUM_DATASET,36456,44,10000
ema,1,1,0,U6,4,MEDIUM_DATASET,33081,51,10000
ema,1,1,0,U7,4,MEDIUM_DATASET,31217,58,10000
ema,1,1,0,U8,4,MEDIUM_DATASET,30752,65,10000
ema,1,1,1,none,4,MEDIUM_DATASET,28600,14,10000
ema,1,1,1,U4,4,MEDIUM_DATASET,9934,60,10000
ema,1,1,1,U5,4,MEDIUM_DATASET,12639,77,10000
ema,1,1,1,U6,4,MEDIUM_DATASET,12095,91,10000
ema,1,1,1,U7,4,MEDIUM_DATASET,11688,108,10000
ema,1,1,1,U8,4,MEDIUM_DATASET,11078,123,10000
ema,0,0,1,none,8,MEDIUM_DATASET,123805,6,10000
ema,0,0,1,U4,8,MEDIUM_DATASET,31652,34,10000
ema,0,0,1,U5,8,MEDIUM_DATASET,25568,45,10000
ema,0,0,1,U6,8,MEDIUM_DATASET,21350,55,10000
ema,0,0,1,U7,8,MEDIUM_DATASET,18318,67,10000
ema,0,0,1,U8,8,MEDIUM_DATASET,16076,78,10000
ema,0,0,0,none,8,MEDIUM_DATASET,123805,6,10000
ema,0,0,0,U4,8,MEDIUM_DATASET,32405,29,10000
ema,0,0,0,U5,8,MEDIUM_DATASET,26162,36,10000
ema,0,0,0,U6,8,MEDIUM_DATASET,22175,43,10000
ema,0,0,0,U7,8,MEDIUM_DATASET,19179,50,10000
ema,0,0,0,U8,8,MEDIUM_DATASET,17029,57,10000
ema,1,1,0,none,8,MEDIUM_DATASET,11161,14,10000
ema,1,1,0,U4,8,MEDIUM_DATASET,26107,37,10000
ema,1,1,0,U5,8,MEDIUM_DATASET,23621,44,10000
ema,1,1,0,U6,8,MEDIUM_DATASET,22036,51,10000
ema,1,1,0,U7,8,MEDIUM_DATASET,20777,58,10000
ema,1,1,0,U8,8,MEDIUM_DATASET,20423,65,10000
ema,1,1,1,none,8,MEDIUM_DATASET,11161,14,10000
ema,1,1,1,U4,8,MEDIUM_DATASET,5101,60,10000
ema,1,1,1,U5,8,MEDIUM_DATASET,5046,77,10000
ema,1,1,1,U6,8,MEDIUM_DATASET,5106,91,10000
ema,1,1,1,U7,8,MEDIUM_DATASET,5668,108,10000
ema,1,1,1,U8,8,MEDIUM_DATASET,5495,123,10000
ema,0,0,1,none,12,MEDIUM_DATASET,113941,6,10000
ema,0,0,1,U4,12,MEDIUM_DATASET,29129,34,10000
ema,0,0,1,U5,12,MEDIUM_DATASET,23526,45,10000
ema,0,0,1,U6,12,MEDIUM_DATASET,19660,55,10000
ema,0,0,1,U7,12,MEDIUM_DATASET,16945,67,10000
ema,0,0,1,U8,12,MEDIUM_DATASET,14879,78,10000
ema,0,0,0,none,12,MEDIUM_DATASET,113941,6,10000
ema,0,0,0,U4,12,MEDIUM_DATASET,29728,29,10000
ema,0,0,0,U5,12,MEDIUM_DATASET,24066,36,10000
ema,0,0,0,U6,12,MEDIUM_DATASET,20325,43,10000
ema,0,0,0,U7,12,MEDIUM_DATASET,17673,50,10000
ema,0,0,0,U8,12,MEDIUM_DATASET,15686,57,10000
ema,1,1,0,none,12,MEDIUM_DATASET,11209,14,10000
ema,1,1,0,U4,12,MEDIUM_DATASET,20035,37,10000
ema,1,1,0,U5,12,MEDIUM_DATASET,17768,44,10000
ema,1,1,0,U6,12,MEDIUM_DATASET,16955,51,10000
ema,1,1,0,U7,12,MEDIUM_DATASET,17212,58,10000
ema,1,1,0,U8,12,MEDIUM_DATASET,15543,65,10000
ema,1,1,1,none,12,MEDIUM_DATASET,11209,14,10000
ema,1,1,1,U4,12,MEDIUM_DATASET,5149,60,10000
ema,1,1,1,U5,12,MEDIUM_DATASET,5094,77,10000
ema,1,1,1,U6,12,MEDIUM_DATASET,5154,91,10000
ema,1,1,1,U7,12,MEDIUM_DATASET,5309,108,10000
ema,1,1,1,U8,12,MEDIUM_DATASET,5475,123,10000
ema,0,0,1,none,16,MEDIUM_DATASET,110413,6,10000
ema,0,0,1,U4,16,MEDIUM_DATASET,27953,34,10000
ema,0,0,1,U5,16,MEDIUM_DATASET,22466,45,10000
ema,0,0,1,U6,16,MEDIUM_DATASET,18812,55,10000
ema,0,0,1,U7,16,MEDIUM_DATASET,16203,67,10000
ema,0,0,1,U8,16,MEDIUM_DATASET,14243,78,10000
ema,0,0,0,none,16,MEDIUM_DATASET,110413,6,10000
ema,0,0,0,U4,16,MEDIUM_DATASET,27953,29,10000
ema,0,0,0,U5,16,MEDIUM_DATASET,22466,36,10000
ema,0,0,0,U6,16,MEDIUM_DATASET,18828,43,10000
ema,0,0,0,U7,16,MEDIUM_DATASET,16333,50,10000
ema,0,0,0,U8,16,MEDIUM_DATASET,14519,57,10000
ema,1,1,0,none,16,MEDIUM_DATASET,11257,14,10000
ema,1,1,0,U4,16,MEDIUM_DATASET,17067,37,10000
ema,1,1,0,U5,16,MEDIUM_DATASET,15031,44,10000
ema,1,1,0,U6,16,MEDIUM_DATASET,14064,51,10000
ema,1,1,0,U7,16,MEDIUM_DATASET,13781,58,10000
ema,1,1,0,U8,16,MEDIUM_DATASET,13494,65,10000
ema,1,1,1,none,16,MEDIUM_DATASET,11257,14,10000
ema,1,1,1,U4,16,MEDIUM_DATASET,5197,60,10000
ema,1,1,1,U5,16,MEDIUM_DATASET,5142,77,10000
ema,1,1,1,U6,16,MEDIUM_DATASET,5202,91,10000
ema,1,1,1,U7,16,MEDIUM_DATASET,5357,108,10000
ema,1,1,1,U8,16,MEDIUM_DATASET,5523,123,10000
